SEASON_YEAR,PLAYER_ID,PLAYER_NAME,NICKNAME,TEAM_ID,TEAM_ABBREVIATION,TEAM_NAME,GAME_ID,GAME_DATE,MATCHUP,WL,MIN,FGM,FGA,FG_PCT,FG3M,FG3A,FG3_PCT,FTM,FTA,FT_PCT,OREB,DREB,REB,AST,TOV,STL,BLK,BLKA,PF,PFD,PTS,PLUS_MINUS,NBA_FANTASY_PTS,DD2,TD3,WNBA_FANTASY_PTS,GP_RANK,W_RANK,L_RANK,W_PCT_RANK,MIN_RANK,FGM_RANK,FGA_RANK,FG_PCT_RANK,FG3M_RANK,FG3A_RANK,FG3_PCT_RANK,FTM_RANK,FTA_RANK,FT_PCT_RANK,OREB_RANK,DREB_RANK,REB_RANK,AST_RANK,TOV_RANK,STL_RANK,BLK_RANK,BLKA_RANK,PF_RANK,PFD_RANK,PTS_RANK,PLUS_MINUS_RANK,NBA_FANTASY_PTS_RANK,DD2_RANK,TD3_RANK,WNBA_FANTASY_PTS_RANK,AVAILABLE_FLAG
2022-23,1630563,Joshua Primo,Joshua,1610612759,SAS,San Antonio Spurs,0022200050,2022-10-24T00:00:00,SAS @ MIN,W,24.595,3,5,0.6,2,4,0.5,2,3,0.667,2,1,3,2,4,0,0,0,2,4,10,-4,12.6,0,0,17.0,1,1,1,1,2,1,3,1,1,1,1,2,2,2,1,4,2,4,1,2,3,1,1,2,1,3,4,1,1,2,1
2022-23,1630563,Joshua Primo,Joshua,1610612759,SAS,San Antonio Spurs,0022200028,2022-10-22T00:00:00,SAS @ PHI,W,22.1,2,8,0.25,1,4,0.25,0,0,0.0,0,3,3,4,1,0,1,2,2,0,5,6,16.6,0,0,15.0,1,1,1,1,3,3,2,4,2,1,2,4,4,4,2,2,2,3,4,2,1,3,1,4,3,2,3,1,1,4,1
2022-23,1630563,Joshua Primo,Joshua,1610612759,SAS,San Antonio Spurs,0022200018,2022-10-21T00:00:00,SAS @ IND,W,20.816666666666666,1,2,0.5,0,1,0.0,1,2,0.5,0,4,4,7,3,1,0,0,2,2,3,14,18.3,0,0,16.0,1,1,1,1,4,4,4,2,3,4,3,3,3,3,2,1,1,1,2,1,3,1,1,3,4,1,2,1,1,3,1
2022-23,1630563,Joshua Primo,Joshua,1610612759,SAS,San Antonio Spurs,0022200011,2022-10-19T00:00:00,SAS vs. CHA,L,25.85,3,11,0.273,0,3,0.0,4,4,1.0,0,3,3,5,3,0,1,2,2,5,10,-18,21.1,0,0,20.0,1,4,4,4,1,1,1,3,3,3,3,1,1,1,2,2,2,2,2,2,1,3,1,1,1,4,1,1,1,1,1
