SEASON_YEAR,PLAYER_ID,PLAYER_NAME,NICKNAME,TEAM_ID,TEAM_ABBREVIATION,TEAM_NAME,GAME_ID,GAME_DATE,MATCHUP,WL,MIN,FGM,FGA,FG_PCT,FG3M,FG3A,FG3_PCT,FTM,FTA,FT_PCT,OREB,DREB,REB,AST,TOV,STL,BLK,BLKA,PF,PFD,PTS,PLUS_MINUS,NBA_FANTASY_PTS,DD2,TD3,WNBA_FANTASY_PTS,GP_RANK,W_RANK,L_RANK,W_PCT_RANK,MIN_RANK,FGM_RANK,FGA_RANK,FG_PCT_RANK,FG3M_RANK,FG3A_RANK,FG3_PCT_RANK,FTM_RANK,FTA_RANK,FT_PCT_RANK,OREB_RANK,DREB_RANK,REB_RANK,AST_RANK,TOV_RANK,STL_RANK,BLK_RANK,BLKA_RANK,PF_RANK,PFD_RANK,PTS_RANK,PLUS_MINUS_RANK,NBA_FANTASY_PTS_RANK,DD2_RANK,TD3_RANK,WNBA_FANTASY_PTS_RANK,AVAILABLE_FLAG
2022-23,1630695,Micah Potter,Micah,1610612762,UTA,Utah Jazz,0022201213,2023-04-08T00:00:00,UTA vs. DEN,W,21.106666666666666,4,7,0.571,2,4,0.5,0,0,0.0,2,8,10,1,1,1,0,0,2,1,10,-9,25.5,1,0,25.0,1,1,1,1,1,1,1,4,1,1,2,1,1,1,1,1,1,1,1,1,1,1,7,1,1,7,1,1,1,1,1
2022-23,1630695,Micah Potter,Micah,1610612762,UTA,Utah Jazz,0022201200,2023-04-06T00:00:00,UTA vs. OKC,L,4.416666666666667,0,0,0.0,0,0,0.0,0,0,0.0,0,3,3,0,0,0,0,0,0,0,0,2,3.6,0,0,3.0,1,5,5,5,4,5,5,5,4,4,4,1,1,1,3,2,2,5,3,2,1,1,1,3,5,3,4,2,1,5,1
2022-23,1630695,Micah Potter,Micah,1610612762,UTA,Utah Jazz,0022201143,2023-03-29T00:00:00,UTA @ SAS,W,2.566666666666667,1,1,1.0,1,1,1.0,0,0,0.0,0,0,0,0,1,0,0,0,0,1,3,-1,2.0,0,0,4.0,1,1,1,1,7,4,4,1,2,3,1,1,1,1,3,4,4,5,1,2,1,1,1,1,4,4,5,2,1,4,1
2022-23,1630695,Micah Potter,Micah,1610612762,UTA,Utah Jazz,0022201102,2023-03-24T00:00:00,UTA vs. MIL,L,9.933333333333334,3,5,0.6,1,2,0.5,0,0,0.0,0,0,0,1,0,0,0,0,1,0,7,3,8.5,0,0,9.0,1,5,5,5,2,2,2,3,2,2,2,1,1,1,3,4,4,1,3,2,1,1,4,3,2,2,3,2,1,2,1
2022-23,1630695,Micah Potter,Micah,1610612762,UTA,Utah Jazz,0022200461,2022-12-20T00:00:00,UTA @ DET,W,2.65,0,0,0.0,0,0,0.0,0,0,0.0,0,0,0,1,0,0,0,0,0,0,0,-6,1.5,0,0,1.0,1,1,1,1,6,5,5,5,4,4,4,1,1,1,3,4,4,1,3,2,1,1,1,3,5,6,6,2,1,6,1
2022-23,1630695,Micah Potter,Micah,1610612762,UTA,Utah Jazz,0022200101,2022-10-31T00:00:00,UTA vs. MEM,W,3.283333333333333,0,0,0.0,0,0,0.0,0,0,0.0,0,0,0,0,0,0,0,0,1,0,0,-1,0.0,0,0,0.0,1,1,1,1,5,5,5,5,4,4,4,1,1,1,3,4,4,5,3,2,1,1,4,3,5,4,7,2,1,7,1
2022-23,1630695,Micah Potter,Micah,1610612762,UTA,Utah Jazz,0022200078,2022-10-28T00:00:00,UTA @ DEN,L,8.483333333333333,2,2,1.0,0,0,0.0,0,0,0.0,1,2,3,1,0,0,0,0,1,0,4,9,9.1,0,0,8.0,1,5,5,5,3,3,3,1,4,4,4,1,1,1,2,3,2,1,3,2,1,1,4,3,3,1,2,2,1,3,1
