SEASON_YEAR,PLAYER_ID,PLAYER_NAME,NICKNAME,TEAM_ID,TEAM_ABBREVIATION,TEAM_NAME,GAME_ID,GAME_DATE,MATCHUP,WL,MIN,FGM,FGA,FG_PCT,FG3M,FG3A,FG3_PCT,FTM,FTA,FT_PCT,OREB,DREB,REB,AST,TOV,STL,BLK,BLKA,PF,PFD,PTS,PLUS_MINUS,NBA_FANTASY_PTS,DD2,TD3,WNBA_FANTASY_PTS,GP_RANK,W_RANK,L_RANK,W_PCT_RANK,MIN_RANK,FGM_RANK,FGA_RANK,FG_PCT_RANK,FG3M_RANK,FG3A_RANK,FG3_PCT_RANK,FTM_RANK,FTA_RANK,FT_PCT_RANK,OREB_RANK,DREB_RANK,REB_RANK,AST_RANK,TOV_RANK,STL_RANK,BLK_RANK,BLKA_RANK,PF_RANK,PFD_RANK,PTS_RANK,PLUS_MINUS_RANK,NBA_FANTASY_PTS_RANK,DD2_RANK,TD3_RANK,WNBA_FANTASY_PTS_RANK,AVAILABLE_FLAG
2022-23,1630219,Skylar Mays,Skylar,1610612757,POR,Portland Trail Blazers,0022201230,2023-04-09T00:00:00,POR vs. GSW,L,40.71666666666667,7,17,0.412,2,7,0.286,5,5,1.0,0,4,4,12,2,3,0,3,2,4,21,-44,50.8,1,0,45.0,1,2,2,2,1,2,1,5,3,1,6,1,1,1,3,2,2,1,2,1,2,6,4,1,2,6,1,1,1,1,1
2022-23,1630219,Skylar Mays,Skylar,1610612757,POR,Portland Trail Blazers,0022201215,2023-04-08T00:00:00,POR @ LAC,L,29.6,3,11,0.273,1,2,0.5,2,3,0.667,0,0,0,9,1,0,0,2,1,3,9,-11,21.5,0,0,19.0,1,2,2,2,5,6,3,6,4,5,2,2,2,5,3,6,6,2,5,5,2,4,2,2,6,4,6,2,1,6,1
2022-23,1630219,Skylar Mays,Skylar,1610612757,POR,Portland Trail Blazers,0022201199,2023-04-06T00:00:00,POR @ SAS,L,22.5,4,7,0.571,1,3,0.333,2,2,1.0,0,2,2,7,3,1,1,0,0,1,11,0,26.9,0,0,25.0,1,2,2,2,6,5,6,3,4,4,5,2,3,1,3,4,4,4,1,2,1,1,1,4,5,1,4,2,1,5,1
2022-23,1630219,Skylar Mays,Skylar,1610612757,POR,Portland Trail Blazers,0022201184,2023-04-04T00:00:00,POR @ MEM,L,35.7,9,16,0.563,4,6,0.667,2,2,1.0,1,7,8,7,0,1,0,0,3,2,24,-2,47.1,0,0,45.0,1,2,2,2,2,1,2,4,1,2,1,2,3,1,1,1,1,4,6,2,2,1,5,3,1,3,2,2,1,1,1
2022-23,1630219,Skylar Mays,Skylar,1610612757,POR,Portland Trail Blazers,0022201166,2023-04-02T00:00:00,POR @ MIN,W,30.166666666666668,6,9,0.667,1,2,0.5,0,0,0.0,0,3,3,9,2,0,0,2,4,0,13,0,28.1,0,0,26.0,1,1,1,1,3,3,4,1,4,5,2,6,6,6,3,3,3,2,2,5,2,4,6,6,4,1,3,2,1,4,1
2022-23,1630219,Skylar Mays,Skylar,1610612757,POR,Portland Trail Blazers,0022201159,2023-03-31T00:00:00,POR vs. SAC,L,30.083333333333332,5,8,0.625,3,6,0.5,1,1,1.0,1,1,2,6,2,1,0,1,1,1,14,-17,26.4,0,0,27.0,1,2,2,2,4,4,5,2,2,2,2,5,5,1,1,5,4,6,2,2,2,3,2,4,3,5,5,2,1,3,1
