SEASON_YEAR,PLAYER_ID,PLAYER_NAME,NICKNAME,TEAM_ID,TEAM_ABBREVIATION,TEAM_NAME,GAME_ID,GAME_DATE,MATCHUP,WL,MIN,FGM,FGA,FG_PCT,FG3M,FG3A,FG3_PCT,FTM,FTA,FT_PCT,OREB,DREB,REB,AST,TOV,STL,BLK,BLKA,PF,PFD,PTS,PLUS_MINUS,NBA_FANTASY_PTS,DD2,TD3,WNBA_FANTASY_PTS,GP_RANK,W_RANK,L_RANK,W_PCT_RANK,MIN_RANK,FGM_RANK,FGA_RANK,FG_PCT_RANK,FG3M_RANK,FG3A_RANK,FG3_PCT_RANK,FTM_RANK,FTA_RANK,FT_PCT_RANK,OREB_RANK,DREB_RANK,REB_RANK,AST_RANK,TOV_RANK,STL_RANK,BLK_RANK,BLKA_RANK,PF_RANK,PFD_RANK,PTS_RANK,PLUS_MINUS_RANK,NBA_FANTASY_PTS_RANK,DD2_RANK,TD3_RANK,WNBA_FANTASY_PTS_RANK,AVAILABLE_FLAG
2022-23,1630241,Sam Merrill,Sam,1610612739,CLE,Cleveland Cavaliers,0022201218,2023-04-09T00:00:00,CLE vs. CHA,L,25.983333333333334,6,12,0.5,3,9,0.333,2,2,1.0,0,4,4,1,0,3,0,0,1,1,17,-11,32.3,0,0,31.0,1,5,5,5,1,1,1,1,1,1,1,1,1,1,1,1,1,2,1,1,1,1,3,1,1,5,1,1,1,1,1
2022-23,1630241,Sam Merrill,Sam,1610612739,CLE,Cleveland Cavaliers,0022201197,2023-04-06T00:00:00,CLE @ ORL,W,21.783333333333335,2,6,0.333,2,6,0.333,0,0,0.0,0,4,4,3,0,1,0,0,0,0,6,15,18.3,0,0,17.0,1,1,1,1,2,2,2,3,2,2,1,2,2,2,1,1,1,1,1,2,1,1,1,2,2,1,2,1,1,2,1
2022-23,1630241,Sam Merrill,Sam,1610612739,CLE,Cleveland Cavaliers,0022201117,2023-03-26T00:00:00,CLE vs. HOU,W,2.35,0,1,0.0,0,1,0.0,0,0,0.0,0,1,1,1,0,0,0,0,1,0,0,1,2.7,0,0,2.0,1,1,1,1,5,4,4,4,3,3,3,2,2,2,1,3,3,2,1,3,1,1,3,2,4,2,3,1,1,3,1
2022-23,1630241,Sam Merrill,Sam,1610612739,CLE,Cleveland Cavaliers,0022201027,2023-03-14T00:00:00,CLE @ CHA,W,4.116666666666666,0,1,0.0,0,1,0.0,0,0,0.0,0,0,0,0,0,0,0,0,1,0,0,-5,0.0,0,0,0.0,1,1,1,1,4,4,4,4,3,3,3,2,2,2,1,4,4,4,1,3,1,1,3,2,4,3,5,1,1,5,1
2022-23,1630241,Sam Merrill,Sam,1610612739,CLE,Cleveland Cavaliers,0022200957,2023-03-04T00:00:00,CLE vs. DET,W,4.283333333333333,1,2,0.5,0,1,0.0,0,0,0.0,0,0,0,0,0,0,0,0,0,0,2,-5,2.0,0,0,2.0,1,1,1,1,3,3,3,1,3,3,3,2,2,2,1,4,4,4,1,3,1,1,1,2,3,3,4,1,1,3,1
