SEASON_YEAR,PLAYER_ID,PLAYER_NAME,NICKNAME,TEAM_ID,TEAM_ABBREVIATION,TEAM_NAME,GAME_ID,GAME_DATE,MATCHUP,WL,MIN,FGM,FGA,FG_PCT,FG3M,FG3A,FG3_PCT,FTM,FTA,FT_PCT,OREB,DREB,REB,AST,TOV,STL,BLK,BLKA,PF,PFD,PTS,PLUS_MINUS,NBA_FANTASY_PTS,DD2,TD3,WNBA_FANTASY_PTS,GP_RANK,W_RANK,L_RANK,W_PCT_RANK,MIN_RANK,FGM_RANK,FGA_RANK,FG_PCT_RANK,FG3M_RANK,FG3A_RANK,FG3_PCT_RANK,FTM_RANK,FTA_RANK,FT_PCT_RANK,OREB_RANK,DREB_RANK,REB_RANK,AST_RANK,TOV_RANK,STL_RANK,BLK_RANK,BLKA_RANK,PF_RANK,PFD_RANK,PTS_RANK,PLUS_MINUS_RANK,NBA_FANTASY_PTS_RANK,DD2_RANK,TD3_RANK,WNBA_FANTASY_PTS_RANK,AVAILABLE_FLAG
2022-23,1629674,Neemias Queta,Neemias,1610612758,SAC,Sacramento Kings,0022201227,2023-04-09T00:00:00,SAC @ DEN,L,4.183333333333334,0,1,0.0,0,0,0.0,0,0,0.0,1,1,2,0,0,0,1,0,0,0,0,1,5.4,0,0,4.0,1,2,2,2,4,3,3,3,1,1,1,1,2,1,2,3,3,2,2,1,1,1,1,2,3,1,3,1,1,3,1
2022-23,1629674,Neemias Queta,Neemias,1610612758,SAC,Sacramento Kings,0022200491,2022-12-23T00:00:00,SAC vs. WAS,L,4.216666666666667,0,0,0.0,0,0,0.0,0,0,0.0,0,1,1,0,0,0,0,0,1,0,0,-7,1.2,0,0,1.0,1,2,2,2,3,3,4,3,1,1,1,1,2,1,5,3,4,2,2,1,3,1,3,2,3,4,5,1,1,5,1
2022-23,1629674,Neemias Queta,Neemias,1610612758,SAC,Sacramento Kings,0022200475,2022-12-21T00:00:00,SAC vs. LAL,W,10.65,5,5,1.0,0,0,0.0,0,2,0.0,1,2,3,0,0,0,0,0,3,2,10,-6,13.6,0,0,13.0,1,1,1,1,1,1,1,1,1,1,1,1,1,1,2,1,2,2,2,1,3,1,4,1,1,2,1,1,1,1,1
2022-23,1629674,Neemias Queta,Neemias,1610612758,SAC,Sacramento Kings,0022200460,2022-12-19T00:00:00,SAC vs. CHA,L,7.266666666666667,1,3,0.333,0,0,0.0,0,0,0.0,2,2,4,0,1,0,1,0,0,0,2,-12,8.8,0,0,8.0,1,2,2,2,2,2,2,2,1,1,1,1,2,1,1,1,1,2,1,1,1,1,1,2,2,5,2,1,1,2,1
2022-23,1629674,Neemias Queta,Neemias,1610612758,SAC,Sacramento Kings,0022200409,2022-12-13T00:00:00,SAC @ PHI,L,2.3733333333333335,0,0,0.0,0,0,0.0,0,0,0.0,1,0,1,1,0,0,0,0,3,0,0,-6,2.7,0,0,2.0,1,2,2,2,5,3,4,3,1,1,1,1,2,1,2,5,4,1,2,1,3,1,4,2,3,2,4,1,1,4,1
