SEASON_YEAR,PLAYER_ID,PLAYER_NAME,NICKNAME,TEAM_ID,TEAM_ABBREVIATION,TEAM_NAME,GAME_ID,GAME_DATE,MATCHUP,WL,MIN,FGM,FGA,FG_PCT,FG3M,FG3A,FG3_PCT,FTM,FTA,FT_PCT,OREB,DREB,REB,AST,TOV,STL,BLK,BLKA,PF,PFD,PTS,PLUS_MINUS,NBA_FANTASY_PTS,DD2,TD3,WNBA_FANTASY_PTS,GP_RANK,W_RANK,L_RANK,W_PCT_RANK,MIN_RANK,FGM_RANK,FGA_RANK,FG_PCT_RANK,FG3M_RANK,FG3A_RANK,FG3_PCT_RANK,FTM_RANK,FTA_RANK,FT_PCT_RANK,OREB_RANK,DREB_RANK,REB_RANK,AST_RANK,TOV_RANK,STL_RANK,BLK_RANK,BLKA_RANK,PF_RANK,PFD_RANK,PTS_RANK,PLUS_MINUS_RANK,NBA_FANTASY_PTS_RANK,DD2_RANK,TD3_RANK,WNBA_FANTASY_PTS_RANK,AVAILABLE_FLAG
2022-23,1631112,Kendall Brown,Kendall,1610612754,IND,Indiana Pacers,0022200370,2022-12-07T00:00:00,IND @ MIN,L,4.966666666666667,0,0,0.0,0,0,0.0,0,0,0.0,0,0,0,0,1,1,0,0,3,0,0,-9,2.0,0,0,2.0,1,2,2,2,4,4,5,4,1,2,1,2,2,2,2,3,3,3,1,1,1,1,5,3,4,6,5,1,1,5,1
2022-23,1631112,Kendall Brown,Kendall,1610612754,IND,Indiana Pacers,0022200359,2022-12-05T00:00:00,IND @ GSW,W,17.97833333333333,1,3,0.333,0,1,0.0,1,2,0.5,2,3,5,2,1,0,0,1,3,1,3,7,11.0,0,0,10.0,1,1,1,1,1,2,1,3,1,1,1,1,1,1,1,1,1,1,1,5,1,6,5,1,2,1,1,1,1,1,1
2022-23,1631112,Kendall Brown,Kendall,1610612754,IND,Indiana Pacers,0022200351,2022-12-04T00:00:00,IND @ POR,L,2.15,0,1,0.0,0,0,0.0,0,0,0.0,0,0,0,0,0,0,0,0,0,0,0,1,0.0,0,0,0.0,1,2,2,2,5,4,3,4,1,2,1,2,2,2,2,3,3,3,3,5,1,1,1,3,4,3,6,1,1,6,1
2022-23,1631112,Kendall Brown,Kendall,1610612754,IND,Indiana Pacers,0022200335,2022-12-02T00:00:00,IND @ UTA,L,7.3,2,2,1.0,0,0,0.0,0,0,0.0,0,1,1,0,0,1,0,0,1,0,4,1,8.2,0,0,7.0,1,2,2,2,2,1,2,1,1,2,1,2,2,2,2,2,2,3,3,1,1,1,3,3,1,3,2,1,1,2,1
2022-23,1631112,Kendall Brown,Kendall,1610612754,IND,Indiana Pacers,0022200292,2022-11-27T00:00:00,IND @ LAC,L,6.25,0,0,0.0,0,0,0.0,0,0,0.0,0,0,0,1,0,1,0,0,2,0,0,4,4.5,0,0,3.0,1,2,2,2,3,4,5,4,1,2,1,2,2,2,2,3,3,2,3,1,1,1,4,3,4,2,4,1,1,4,1
2022-23,1631112,Kendall Brown,Kendall,1610612754,IND,Indiana Pacers,0022200262,2022-11-23T00:00:00,IND vs. MIN,L,1.65,1,1,1.0,0,0,0.0,0,0,0.0,0,0,0,0,0,1,0,0,0,1,2,0,5.0,0,0,4.0,1,2,2,2,6,2,3,1,1,2,1,2,2,2,2,3,3,3,3,1,1,1,1,1,3,5,3,1,1,3,1
