SEASON_YEAR,PLAYER_ID,PLAYER_NAME,NICKNAME,TEAM_ID,TEAM_ABBREVIATION,TEAM_NAME,GAME_ID,GAME_DATE,MATCHUP,WL,MIN,FGM,FGA,FG_PCT,FG3M,FG3A,FG3_PCT,FTM,FTA,FT_PCT,OREB,DREB,REB,AST,TOV,STL,BLK,BLKA,PF,PFD,PTS,PLUS_MINUS,NBA_FANTASY_PTS,DD2,TD3,WNBA_FANTASY_PTS,GP_RANK,W_RANK,L_RANK,W_PCT_RANK,MIN_RANK,FGM_RANK,FGA_RANK,FG_PCT_RANK,FG3M_RANK,FG3A_RANK,FG3_PCT_RANK,FTM_RANK,FTA_RANK,FT_PCT_RANK,OREB_RANK,DREB_RANK,REB_RANK,AST_RANK,TOV_RANK,STL_RANK,BLK_RANK,BLKA_RANK,PF_RANK,PFD_RANK,PTS_RANK,PLUS_MINUS_RANK,NBA_FANTASY_PTS_RANK,DD2_RANK,TD3_RANK,WNBA_FANTASY_PTS_RANK,AVAILABLE_FLAG
2022-23,1630243,Trevelin Queen,Trevelin,1610612754,IND,Indiana Pacers,0022200720,2023-01-25T00:00:00,IND @ ORL,L,4.233333333333333,0,1,0.0,0,1,0.0,0,0,0.0,1,0,1,0,1,0,0,0,0,0,0,-4,0.2,0,0,1.0,1,3,3,3,7,4,6,4,3,6,3,3,3,3,2,5,4,7,3,3,4,1,1,3,4,6,7,1,1,7,1
2022-23,1630243,Trevelin Queen,Trevelin,1610612754,IND,Indiana Pacers,0022200713,2023-01-24T00:00:00,IND vs. CHI,W,5.966666666666667,0,3,0.0,0,2,0.0,0,0,0.0,0,1,1,1,0,0,0,0,2,0,0,0,2.7,0,0,2.0,1,1,1,1,6,4,4,4,3,4,3,3,3,3,6,3,4,1,5,3,4,1,7,3,4,4,6,1,1,6,1
2022-23,1630243,Trevelin Queen,Trevelin,1610612754,IND,Indiana Pacers,0022200688,2023-01-20T00:00:00,IND @ DEN,L,7.066666666666666,1,6,0.167,1,3,0.333,0,0,0.0,1,0,1,1,0,0,0,0,0,0,3,-1,5.7,0,0,6.0,1,3,3,3,4,2,2,3,1,1,1,3,3,3,2,5,4,1,5,3,4,1,1,3,3,5,4,1,1,3,1
2022-23,1630243,Trevelin Queen,Trevelin,1610612754,IND,Indiana Pacers,0022200674,2023-01-18T00:00:00,IND @ OKC,L,23.25,5,11,0.455,1,3,0.333,2,2,1.0,4,5,9,1,3,1,3,1,1,3,13,12,34.3,0,0,32.0,1,3,3,3,1,1,1,1,1,1,1,2,2,1,1,1,1,1,1,1,1,7,5,1,1,1,1,1,1,1,1
2022-23,1630243,Trevelin Queen,Trevelin,1610612754,IND,Indiana Pacers,0022200643,2023-01-14T00:00:00,IND vs. MEM,L,9.8,1,5,0.2,0,3,0.0,3,3,1.0,1,1,2,1,0,0,1,0,0,2,5,9,11.9,0,0,10.0,1,3,3,3,3,2,3,2,3,1,3,1,1,1,2,3,2,1,5,3,2,1,1,2,2,2,2,1,1,2,1
2022-23,1630243,Trevelin Queen,Trevelin,1610612754,IND,Indiana Pacers,0022200359,2022-12-05T00:00:00,IND @ GSW,W,6.7,0,1,0.0,0,1,0.0,0,0,0.0,0,2,2,1,1,0,1,0,1,0,0,-8,5.9,0,0,5.0,1,1,1,1,5,4,6,4,3,6,3,3,3,3,6,2,2,1,3,3,2,1,5,3,4,7,3,1,1,4,1
2022-23,1630243,Trevelin Queen,Trevelin,1610612754,IND,Indiana Pacers,0022200351,2022-12-04T00:00:00,IND @ POR,L,12.983333333333333,0,2,0.0,0,2,0.0,0,0,0.0,1,0,1,1,2,1,0,0,0,0,0,6,3.7,0,0,4.0,1,3,3,3,2,4,5,4,3,4,3,3,3,3,2,5,4,1,2,1,4,1,1,3,4,3,5,1,1,5,1
